{"ship": "Interceptor", "pos": [-824.2073051613656, 507.5721340095496], "vel": [0.0, 0.0], "angle": 53.39999999999841}