{"ship": "TestShip", "pos": [-662.4068000662336, 505.1028534861823], "vel": [0.0, 0.0], "angle": 70.79999999999963}